BLEU,ROUGE-1,ROUGE-L,BERTScore-F1
0.029716017097085955,0.2773031766564308,0.1818050928679247,0.8625054359436035
