Model,Precision@3,Recall@3,MRR,Hit Rate
BERT,0.25692540908713346,0.7707762272614005,0.6689145693163885,0.7707762272614005
RoBERTa,0.24941855635850155,0.7482556690755046,0.642521181161226,0.7482556690755046
DistilBERT,0.2089147769748318,0.6267443309244954,0.5304479192623972,0.6267443309244954
ALBERT,0.2677132652213639,0.8031397956640917,0.7041126754713847,0.8031397956640917
